Isabel,Repetto,12-02-1991,46372836P,Bristol,isargp@gmail.com,2424g3vcc,False,1240.0,8:00-15:00
Veronica,Salguero,04-11-1993,52343655H,Madrid,verosh@gmail.com,pepito,False,1500.0,8:00-16:00
Benjamin,Peñaloza,07-11-1986,56151277P,Venezuela,benjaminp@gmail.com,chamos2020,False,1240.0,8:00-15:00
JoseAntonio,Martinez,15-07-1936,02344327L,Andorra,joseantoniom@gmail.com,covid-19,True,1612.25,8:00-16:30
Manuel,Gil,01-03-1990,46663236P,Madagascar,manuelg@gmail.com,alarmaaaa,True,1401.5,8:00-15:30
John,Baileys,22-05-1992,291737637H,Manchester,johnb@gmail.com,muchodrama,False,1500.0,8:00-16:00
Pepa,Pig,24-04-1985,98272133S,DurhamonSea,pepapig@gmail.com,oingoing,True,1240.0,8:00-15:00
Dora,Exploradora,31-01-1996,92334657D,Laisladelastentaciones,doraexploradora@gmail.com,haymasvideosparati,False,1401.5,8:00-15:30
Patricia,Herresanchez,13-08-1993,36476888S,Segovia,patrihf@gmail.com,44raton55,True,1401.5,8:00-15:30
